{
  "scenario": "혈당 미포함",
  "features": [
    "sex",
    "age",
    "HE_BMI",
    "HE_wc",
    "HE_whr",
    "HE_bmi_wc"
  ],
  "feature_eng": true,
  "poly": true,
  "smote": true,
  "threshold": 0.24999999999999994,
  "score_by": "balanced_recall",
  "best_model": "KNN",
  "best_params": {
    "n_neighbors": 3,
    "p": 2,
    "weights": "distance"
  },
  "best_cv_score": 0.9113572304565682,
  "test_metrics": {
    "accuracy": 0.6674679487179487,
    "balanced_accuracy": 0.6405147216083268,
    "precision": 0.22666666666666666,
    "recall": 0.6035502958579881,
    "f1": 0.3295638126009693,
    "roc_auc": 0.656530537260558
  }
}