{
  "scenario": "혈당 포함",
  "features": [
    "sex",
    "age",
    "HE_BMI",
    "HE_wc",
    "HE_glu",
    "HE_whr",
    "HE_bmi_wc"
  ],
  "feature_eng": true,
  "poly": true,
  "smote": true,
  "threshold": 0.15,
  "score_by": "balanced_recall",
  "best_model": "KNN",
  "best_params": {
    "n_neighbors": 3,
    "p": 2,
    "weights": "distance"
  },
  "best_cv_score": 0.9599955884261062,
  "test_metrics": {
    "accuracy": 0.8367514356029533,
    "balanced_accuracy": 0.8332488024795717,
    "precision": 0.45161290322580644,
    "recall": 0.8284023668639053,
    "f1": 0.5845511482254697,
    "roc_auc": 0.8607523245984785
  }
}