scenario,glucose_mode,use_optional_f12,n_samples,threshold,accuracy,precision,recall,f1,roc_auc,tn,fp,fn,tp
base_no_glu,none,0,5874,0.24999999999999994,0.6751700680272109,0.2606741573033708,0.6863905325443787,0.3778501628664495,0.6959978376218541,678,329,53,116
base_glu_binned,binned,0,5874,0.2699999999999999,0.8375850340136054,0.4642857142857143,0.8461538461538461,0.59958071278826,0.878936203968669,842,165,26,143
base_glu_exact,exact,0,5874,0.22999999999999995,0.8358843537414966,0.46226415094339623,0.8698224852071006,0.6036960985626283,0.8874358778491389,836,171,22,147
opt12_no_glu,none,1,5874,0.16999999999999998,0.6845238095238095,0.27045454545454545,0.7041420118343196,0.39080459770114945,0.6989123472967335,686,321,50,119
opt12_glu_binned,binned,1,5874,0.16999999999999998,0.8435374149659864,0.4752475247524752,0.8520710059171598,0.6101694915254238,0.8774348789244519,848,159,25,144
opt12_glu_exact,exact,1,5874,0.16999999999999998,0.8333333333333334,0.45768025078369906,0.863905325443787,0.5983606557377049,0.8827908780547998,834,173,23,146
